Country,Population,Per capita GNI,Gross National Income(GNI) in USD,Gross Domestic Product (GDP),"Agriculture, hunting, forestry, fishing (ISIC A-B) (%)",Manufacturing (ISIC D) (%),"Mining, Manufacturing, Utilities (ISIC C-E) (%)",Other Activities (ISIC J-P) (%),"Transport, storage and communication (ISIC I) (%)","Wholesale, retail trade, restaurants and hotels (ISIC G-H) (%)",Construction (ISIC F) (%)
 Afghanistan ,37834278.6,490.2,18481469139.8,18260428364.6,26.64754959545874,6.607819850158434,10.311959659448263,35.43484608906511,8.84939267105412,10.947184673253908,3.026325775967662
 Albania ,2870362.0,5312.8,15245205295.2,15393981135.0,18.508809879738752,6.166922478822435,11.811473480800782,28.619392874161786,6.120101617235092,13.295114836451955,9.055506971036703
 Algeria ,42679711.2,3801.6,162000000000.0,165200000000.0,12.342519592251817,4.39324734661017,25.80859931234867,22.627621273002422,10.407717350847456,13.571407733050847,11.468403580992735
 Andorra ,76385.4,40827.8,3117875333.8,3117875333.8,0.5434264743147954,3.769345840289415,4.886301153494824,51.48958142092859,5.2580843442573695,21.6974520586587,6.753236927641266
 Angola ,32353601.8,2551.6,81616145100.2,86298213401.6,9.516977081993366,6.488812996557561,35.84959730583067,20.216043913461295,3.1527823007626194,20.462605188385737,10.503025123150406
 Anguilla ,15382.8,18595.0,285763999.4,308279259.6,1.5553478382624217,1.7987538983955702,4.676135403563815,37.55445395522806,7.213276958317957,26.028108119927506,8.317614825360115
 Antigua and Barbuda ,92149.0,15892.8,1463984577.0,1510601481.4,1.9298175037523833,2.4290054691323304,7.374545912450473,36.34750346538353,9.244441258628836,20.365888104046974,13.467139897907424
 Argentina ,44705308.8,10873.8,485200000000.0,498000000000.0,5.773002959558233,12.995999382289158,18.697098039317268,33.89558232931727,5.635208370963856,15.644972629598392,3.8416822346987947
 Armenia ,2821132.8,4628.6,13052232771.8,12821561494.0,12.543607713870236,11.490265861060807,19.09594207964261,33.476443381787675,6.424491431761019,12.83281192520871,6.709549407087217
 Aruba ,106193.0,27567.4,2927270445.6,3079929740.2,0.0263013597169719,3.440467274851506,4.489111605221936,44.9046577896998,7.924070137526964,26.341959337920358,4.866401679353478
 Australia ,25303574.8,56921.2,1444000000000.0,1480000000000.0,2.4491351887432433,5.595020876013514,18.567567567567565,48.945945945945944,6.544674673351351,9.891891891891893,7.222934265432432
 Austria ,8869561.6,50249.8,445800000000.0,446400000000.0,1.1389622027329749,16.645348299462366,19.474594774507167,40.098566308243726,8.148700240815412,14.571572037007169,6.050758519399642
 Azerbaijan ,10210957.0,4447.2,45438541497.0,46693704620.4,5.815718344638676,5.499730091405202,40.7266485313135,17.00343886856923,8.328564942137772,12.16799325088832,7.593709750866251
 Bahamas ,403972.0,27997.4,11303370000.0,11842862000.0,0.658016558835187,1.8115317057650422,4.985843793501942,49.643041822154146,7.3030674510941695,19.238918768115344,7.184570756629604
 Bahrain ,1475819.2,23637.6,34886844045.6,37104202127.8,0.2930294828211325,17.920421630136936,33.44135354443669,42.2224104322194,7.3244611686820225,6.496989008675751,8.212085748953593
 Bangladesh ,165554269.2,2191.6,363600000000.0,348600000000.0,12.154112137234653,20.8237792551922,23.946569064773378,27.416247730464715,8.536981301032704,15.23284056288009,8.625544455134824
 Barbados ,280189.6,17142.4,4802987543.0,4983744200.0,1.3986953824797028,4.922381449673922,7.418109460754427,41.42008331808041,11.285097658102115,19.848895936512953,5.221732688447372
 Belarus ,9657865.6,6161.4,59488036546.8,61748892945.2,6.94978842974316,21.802998419336916,26.17515076771333,26.058803668723623,11.82763713752981,10.369589251555547,5.453305408063609
 Belgium ,11503357.6,47394.8,545400000000.0,540200000000.0,0.6698806640503517,12.311583267863755,14.585651245612738,48.79674194742688,8.868363706293964,11.652116938541281,4.727543855757127
 Belize ,388161.2,5588.6,2169179740.8,2317947110.0,7.598281144559851,6.833994232077194,10.395830524364294,36.936603613876244,7.88382526122436,17.986137095250633,4.709083280161643
 Benin ,12293584.8,1199.6,14788427231.8,14946023132.8,27.81717918177154,9.561077049746878,10.729484837212174,21.572919206341133,10.82435021560761,15.30659604145424,5.091459483492979
 Bermuda ,63774.8,112739.4,7189417215.0,7180805221.2,0.24441939113155567,0.4514910264420472,2.022170685974044,75.52590458502493,4.5915878406864925,9.571621705749884,3.8083495203661824
 Bhutan ,767133.6,2901.4,2225330679.6,2425942737.8,16.571736963774264,6.976627096873926,24.704327487280068,20.252726609926494,9.75484597854138,11.474214467750905,12.674008030330844
 Bolivia (Plurinational State of) ,11767077.4,3248.8,38222103913.0,39145941235.2,12.425859635292403,10.596677606693921,22.739389851215876,31.83773127874907,9.038921715384122,9.490144677015632,2.8224048489770723
 Bosnia and Herzegovina ,3358043.4,6029.6,20214618262.6,20356604771.6,5.650739967230735,13.4060229926324,20.24057247969132,31.530849054724296,7.826203620274839,16.03133623124078,4.315376794196874
 Botswana ,2497555.2,6244.8,15601798291.2,16475590404.6,1.9900585663288721,5.932543261861517,20.977597479207972,42.52003348204188,4.672386689007941,14.065807340979857,11.048719428541746
 Brazil ,211595391.4,8235.8,1740000000000.0,1784000000000.0,5.090731567399103,10.571748878923767,15.31390134529148,42.56726457399103,6.693804361692826,13.038116591928251,3.516933436827354
 British Virgin Islands ,30607.4,42664.6,1306580258.2,1431678456.4,0.12975878708626493,2.028140625445539,3.553310505762528,71.99590980727983,7.506959856771927,17.727461837917755,3.4110167252775883
 Brunei Darussalam ,437939.2,30503.2,13358684651.2,13035318946.8,1.1120194572268953,14.978087314689748,58.999569724283475,28.704374428203312,3.823956917620084,6.456810547060822,2.564671975917164
 Bulgaria ,7043486.8,9635.8,67743568587.6,69754684508.0,3.725416172016328,12.933971994046194,18.33633233812862,34.85106403629697,10.90405206796925,15.18245158830215,3.698276179149141
 Burkina Faso ,20960705.8,771.8,16222600713.4,16769281488.0,19.03383794281264,9.885068363759105,25.426316562526296,29.029981714384114,4.12138881856427,9.798515722786465,3.3969639415238846
 Burundi ,11859068.6,295.6,3509350996.8,3499712303.4,34.87944791387849,12.653271760932713,13.751323511148472,31.093383800229095,3.9111590134714955,5.443801052301092,3.5215817677432004
 Cabo Verde ,576750.2,3166.0,1825924922.6,1871601278.0,5.165565782435847,7.101440395575537,10.17852994862082,32.70409477675084,12.017272431035389,15.2334426756039,10.869166354565825
 Cambodia ,16209911.2,1464.8,23761945784.4,25161532056.0,22.285527729869965,16.692611328484045,19.39454921401071,17.08333408964658,7.462392325797413,12.89940427624333,14.436922857142893
 Cameroon ,25788396.8,1533.8,39594487680.6,40383092801.6,16.929598870468702,13.314240666546898,18.270916822665118,22.548116129528424,12.38237594521706,16.14218546119312,5.681461560836907
 Canada ,37431180.6,46154.2,1728000000000.0,1750000000000.0,1.7960623916571428,9.805714285714286,16.857142857142858,48.38857142857143,7.234285714285714,11.84,7.062857142857143
 Cayman Islands ,66009.2,60867.2,4022104281.0,5611446941.6,0.42094510107342964,0.8889246805526633,3.4903545741119366,69.88672687123034,5.669378050098606,10.976097516559292,4.109428634003072
 Central African Republic ,5220203.8,463.0,2419096512.2,2271527081.0,31.936706890618836,18.41365248508785,19.16162999951485,22.359446675687682,2.1208439116997697,18.47276880429144,1.5967474965798127
 Chad ,16128280.2,906.4,14614502805.4,15065970400.2,38.78884986872417,8.784432126472458,25.102431831074057,16.70216030138089,4.035662036027421,11.502023230956276,2.40662092894585
 Chile ,18980602.2,14256.8,270600000000.0,284200000000.0,3.8328243836030964,9.302097972765658,22.920452553342717,38.02863377515834,8.04314396572836,10.99857343877551,6.3558199512315285
 China ,1420006540.4,10208.8,14500000000000.0,14580000000000.0,7.650205761316872,27.270233196159122,32.15363511659808,34.128943758573385,7.670781893004115,11.316872427983538,7.074074074074074
" China, Hong Kong SAR ",7486946.4,50139.4,375400000000.0,356000000000.0,0.07782247848314605,0.9860210715730338,2.26102151005618,59.157303370786515,8.402361578595507,21.590308813202245,4.139492249719101
" China, Macao SAR ",663228.6,63157.2,41722819160.8,43284302193.2,,0.6045463120371366,1.3548479381333993,54.71525556976783,2.589629932802971,10.793577460823577,3.6766466634871895
 Colombia ,50052652.4,6102.8,305200000000.0,310600000000.0,6.747401181777205,11.188546258016743,19.85656885408886,37.86220218931101,7.447435954732776,12.933794745074048,5.928462500515132
 Comoros ,791350.8,1527.6,1210283548.2,1206933146.0,35.19825528099301,6.6073949053678565,7.7796491140529165,26.075328500423833,6.514065361496005,19.746476264228804,0.8738204129162261
 Congo ,5572423.0,1810.8,10071576569.8,12199649000.8,8.233186739504838,9.302938170807836,41.607887175009196,24.675075692772797,6.421342443119711,14.93697450377879,2.0743847071616974
 Cook Islands ,17158.0,19530.0,335211435.8,335211435.8,2.701012206934976,2.6163136645590535,4.9250630607513415,38.380923399272646,12.33360595271195,27.078986247401765,3.249714668594847
 Costa Rica ,5079234.0,11635.0,59098010403.4,62758864751.4,4.447784439787418,12.472573300691172,15.429356187938357,47.61458782909771,8.809505663144849,11.86457555676849,4.332600922229625
 Croatia ,4127941.6,14852.4,61268374308.6,61479153694.6,2.936962219697237,12.053176498184085,15.618407517284016,37.046699899189605,8.308875430158498,14.50546149594004,4.460669476393388
 Cuba ,11307683.2,9314.2,105414407219.2,106770200000.0,3.147608004667969,11.576998584249163,13.392469347439642,45.45204670479217,7.6037135361739505,21.900903800124006,9.630754633970904
 Curaçao ,185795.8,16558.8,3067564263.4,2844173978.6,0.1799473955710425,6.841281295168095,12.189578450846177,52.26437426769868,7.120594328047693,13.95980743046659,4.008287856431203
 Cyprus ,870904.4,27713.8,24142058920.0,25581079795.6,1.7808679525653106,5.424933935895455,7.303786544309075,46.80648366790008,12.327907669254948,14.396855572271278,5.235265307410329
 Czechia ,10528894.6,22448.8,236200000000.0,249800000000.0,1.9249350698158525,22.173793723939152,26.252525501921536,34.86887223626901,10.78932277093675,11.499709493835066,5.053992619135308
 Côte d'Ivoire ,26155918.8,2212.4,57992095281.6,59850432408.2,20.110723388108593,11.403035365647503,17.25541691956942,29.08147738731345,9.86558734802227,13.190845721472769,3.677730132319689
 D.P.R. of Korea ,25387590.8,664.6,16868904301.0,16756252530.4,22.718233107872166,18.65258383000384,34.72489397282377,32.06144962934474,1.3612143203630456,0.3386135527443352,9.475525883364673
 D.R. of the Congo ,90004960.0,501.6,45223561371.8,46053132735.6,19.98030467857187,18.837292810471336,41.07816762913974,13.474464594247006,8.651288242374317,12.383918327865077,1.040445976934814
 Denmark ,5795945.8,63521.2,368400000000.0,357600000000.0,1.156274486689038,12.910917016331098,15.47261236347875,43.45637583892618,9.220505550111858,12.863072894071587,4.8267757814876955
 Djibouti ,1073427.6,2961.4,3182448283.4,3196287522.4,1.277851185594579,2.771332590676574,7.115799564527937,27.307719048523353,22.550599110645265,29.31712465267796,3.7956069392939162
 Dominica ,71412.2,7569.2,540596653.2,548367563.4,13.68587312763,2.342845977311867,6.5855033394194376,31.958967578861724,13.365187967279393,11.172689102930992,6.752941288211869
 Dominican Republic ,10882438.8,7486.6,81499457423.2,85516578132.6,5.479748371051345,14.332601948589394,17.71534276162156,31.443253396442316,9.206835422240276,16.913915624374198,12.132407313249164
 Ecuador ,17288537.6,5930.6,102685371400.0,105058224800.0,9.259216418817692,15.241756112368654,21.536463654390626,33.404198735328336,7.247689188062504,11.578544205517547,10.423276445843772
 Egypt ,105575226.8,2850.2,302600000000.0,312000000000.0,11.358829205897436,16.014706479487177,26.846519853782052,27.173606930448717,8.877670091089744,15.740134304166666,6.35301703724359
 El Salvador ,6286022.2,3946.4,24808620160.8,26236227361.2,5.1980673532996216,15.482844251484662,19.21205287332689,38.32773154676636,7.602466602914705,14.265498513460106,5.5002110278022736
 Equatorial Guinea ,1547266.2,6770.2,10449383135.4,11833582674.0,2.499264262967535,24.37526982709615,48.98874315330617,29.28881804675344,6.859253667812758,7.827846290669351,4.415101187807868
 Eritrea ,3503461.0,576.8,2022828240.2,2046159859.6,17.596835716950647,6.145145747536098,15.889942766424896,28.27387102164616,12.528671237354578,11.615327183989493,16.030529905132738
 Estonia ,1324976.2,23285.2,30860473891.2,31438513786.6,2.1729499760614486,13.11627522722649,17.398684385428627,37.12716507157231,12.167069814955399,12.439404593186845,5.943102825033593
 Eswatini ,1170871.4,3478.6,4071441716.0,4453307697.4,8.475597678111612,28.717958391841346,30.517927799901774,32.901109080233304,4.890455144771422,15.093265484269702,2.767352592140695
 Ethiopia ,114184383.8,774.4,88605337001.0,89089285029.4,34.520252811829224,5.45505715170597,6.491819650018973,17.48790832282306,4.02442698155768,15.210365314670732,17.529510748735188
 Fiji ,920302.4,5092.0,4684973364.8,5037966089.6,12.297770103672752,10.687451559300785,13.390904372950304,31.92350461667546,8.812637927764426,13.16131354613078,2.685534042781581
 Finland ,5522119.6,50041.4,276400000000.0,274000000000.0,2.3584603667153288,14.611792058540146,17.6895756829927,41.67883211678832,8.954459850948906,9.196257999051095,6.480389375839415
 France ,66662746.4,42065.8,2806000000000.0,2744000000000.0,1.5855117896064141,9.635568513119534,12.04810495626822,49.927113702623906,8.972303206997085,11.428571428571429,4.941690962099125
 French Polynesia ,299745.0,19841.4,5946789740.8,5946789740.8,2.9776833168508583,4.882973009920748,7.319313962182317,51.4832728252493,11.000515866767401,13.557706607120403,3.0404379922750806
 Gabon ,2241752.8,6842.6,15345864625.4,16501800534.6,5.824512779588618,7.616440287014206,42.22003092687897,27.433652510269752,10.673182023422711,5.290320324558215,3.5359604473254764
 Gambia ,2509778.4,689.4,1734230469.6,1767967260.4,20.959910632969546,3.3092525472877248,5.828335032442097,13.25724408193911,6.390400553822381,34.39303231567919,11.43060953257005
 Georgia ,3767785.6,4344.0,16366184282.8,17172414709.2,6.567375085553935,9.1825800919844,13.2853918649993,35.4271340683422,8.160802399264245,16.374925730704064,7.415032516759666
 Germany ,83081350.6,48914.0,4064000000000.0,3940000000000.0,0.7842518928629442,19.49238578680203,22.401015228426395,43.807106598984774,8.335025380710661,10.375634517766498,4.6091370558375635
 Ghana ,31525725.0,2121.4,67016983018.0,69031882517.6,18.73066361025777,10.435803419620344,23.632235208189094,16.983569523561652,9.826344008321898,17.946397106643346,6.385686130283523
 Greece ,10571424.0,19184.2,202800000000.0,204200000000.0,3.874405198922625,8.288427138883447,12.74282044779628,44.00107756787464,8.811563176297748,16.22253622066601,1.4521711539666993
 Greenland ,56011.8,52980.4,2967764622.8,3050042083.6,18.1772435134934,3.763945691677079,6.5693239800647065,38.61075233460428,10.829067965191928,10.852704084964712,11.176882175921724
 Grenada ,122751.2,8529.8,1046978327.6,1132877297.8,5.061765127729087,3.186173707434673,6.461546536606747,45.10095456870934,9.404322251570854,12.009834327531884,7.069175360431519
 Guatemala ,17101287.6,4419.8,75647627494.4,77152887156.2,9.563293398291286,14.00544460367827,16.87932991468548,33.25867165132778,6.857804630548834,22.356640653873296,5.0614581674617085
 Guinea ,12882050.2,952.8,12304052437.6,13167689210.8,24.37079418435814,9.770127040550337,27.121802720486794,16.168896939439907,4.361938095629647,17.728256808228345,2.4158165074179596
 Guinea-Bissau ,1970357.4,721.8,1422372937.0,1420541309.8,35.28364560341911,10.639212992776566,11.695364144207163,18.528735418265132,6.184083700625937,24.44356170457916,1.7825124567172939
 Guyana ,789857.6,7793.4,6171127876.4,5645068446.8,17.47829679477678,4.238907794566159,28.86867183911291,28.167233857037665,5.109665204564689,6.501928234511695,7.129268294844797
 Haiti ,11158154.4,1447.4,16166562410.6,16124921693.2,19.40194992152633,17.2803678344377,19.3595113414811,24.37175799407001,4.4549414481990075,23.791320796415462,4.356641072534644
 Honduras ,9955725.8,2315.2,23067813174.4,24922106607.2,11.6012333996064,16.54245028953108,20.71538118815563,33.830364609564,6.77307611111951,16.816475868011953,5.839089967537437
 Hungary ,9759490.8,16004.8,156000000000.0,161400000000.0,3.453228297521685,17.810295629368028,20.119344893432466,36.75545924708798,9.236824155885998,10.37434714684015,4.574478220322181
 Iceland ,358871.2,69967.4,25081878197.0,24623121800.8,4.185432529381862,8.80788552704774,12.810969999334173,45.08718990960482,9.533771710148182,11.033928321435377,6.974410109705118
 India ,1382052401.0,2016.4,2788000000000.0,2820000000000.0,16.879432624113473,14.198581560283689,18.602836879432623,32.347517730496456,5.73758865248227,10.347517730496454,7.00709219858156
 Indonesia ,269351946.8,3907.2,1052600000000.0,1086000000000.0,13.11233885819521,19.723756906077348,28.655616942909763,18.895027624309392,9.091155589815838,15.65377532228361,10.534069981583794
 Iran (Islamic Republic of) ,86380093.0,6162.4,532400000000.0,537600000000.0,12.038795015550594,16.53974730096726,31.361607142857146,29.538690476190478,8.235084715550595,11.56721808296131,3.8272954166666664
 Iraq ,41573191.6,4797.6,199200000000.0,206600000000.0,3.873662059148112,2.165983867376573,44.70938111016457,28.235057297192647,9.585900712971926,8.745673130493707,5.7430153551790895
 Ireland ,4887005.0,64565.2,316200000000.0,410200000000.0,0.9805785491955145,33.105802047781566,34.42223305704534,32.03315455875183,15.961870279570942,8.000321876889323,2.313064162116041
 Israel ,8606241.4,46395.2,399800000000.0,403200000000.0,1.1448261811507936,11.276842764136905,12.853114119543651,47.96626984126984,12.663311609474206,10.299547787896826,5.718795744295635
 Italy ,59670059.4,34130.6,2038000000000.0,2014000000000.0,1.9516406319364448,14.86593843098312,17.686196623634558,44.160873882820255,8.192651439920557,13.862959285004967,3.986727250238332
 Jamaica ,2816423.0,5127.0,14439289993.6,14968109806.6,7.41882147410729,7.847969903868783,12.870121234349657,33.74988945479613,6.309781050534213,19.30239306719972,7.189153730857291
 Japan ,125713461.2,41396.2,5202000000000.0,5014000000000.0,1.0579186310450737,20.22337455125648,23.33466294375748,44.51535700039888,9.988033506182688,14.986039090546468,5.552453131232548
 Jordan ,10690185.6,4060.6,43406077859.2,43556901408.4,4.996540061456922,17.627581212008074,21.57837893764274,43.11601466806418,8.583235787013555,9.321787268864284,2.760190652056218
 Kazakhstan ,18756575.8,8486.0,159200000000.0,178400000000.0,4.778363391255605,12.255155230605382,27.886232324663673,27.71724422522422,9.670225631614349,18.13803749159193,5.631761924439462
 Kenya ,50968857.0,1871.0,95598347713.2,97047753574.2,21.501170285045426,7.93685405825582,10.888823808085874,32.418792239168376,13.668765238195624,9.136175580427999,6.337920065813026
 Kiribati ,124440.2,2925.0,363882284.4,192987717.4,26.124745594819913,4.438803834466203,6.082340036008944,50.52004547932955,8.598651366814911,6.576510241682354,4.9759658953300825
 Kosovo ,1692238.8,4847.8,8192751093.0,8021066883.6,7.079901522341172,13.00192032474277,19.313810360657442,25.328944035536555,6.1734764986494515,14.798911160147805,8.189618592298457
 Kuwait ,4298749.4,33752.2,145000000000.0,127600000000.0,0.4463259006269593,7.1772818242946705,52.60385198322884,45.476179240282136,6.973288418181818,5.232245876645768,2.706940329937304
 Kyrgyzstan ,6324203.0,1246.0,7881240130.4,8273323912.4,12.631773701421988,14.25134893162871,18.666562290464007,24.516651953635407,6.512677019600649,18.917366557524076,8.944936321069552
 Lao People's DR ,7211886.4,2414.4,17416857511.2,18428746968.6,16.080826829134832,7.878759906324238,24.482241149045155,23.75893706750821,2.8840596916632193,13.798805429000815,7.786304509172001
 Latvia ,1915603.6,17966.0,34369822804.2,34742406485.8,3.9656225902575817,10.960509219061702,13.900806037641386,37.9141516209702,11.81984008010043,14.33721869334493,5.314364273973479
 Lebanon ,5819510.4,7910.2,46203047347.6,47388635680.8,4.194344623863721,8.097898619509733,10.55593394942733,57.888568428473675,5.2444127831410166,16.409275668070308,2.896651000560788
 Lesotho ,2225978.0,1246.6,2773541230.2,2356943847.4,4.548984513070755,16.269278278436765,26.790310447851695,39.396231727128416,4.678734808283494,9.523585589347544,3.0579861323173922
 Liberia ,4990462.2,461.6,2298999108.4,2603195497.6,67.25396525977764,3.9091561311403527,6.1755904213960955,6.575506186831229,4.8828727660749625,4.446308105046716,1.6495183876734745
 Libya ,6562872.2,9217.2,60239286935.8,59789054819.4,3.8692235031776594,2.8412795481235666,42.58628889102,45.23240402894764,4.277007981685404,8.203302938999729,3.5041935580493346
 Liechtenstein ,38469.4,184219.6,7089310954.4,6463328405.0,0.1379616296937955,37.93938855873439,39.2224005303348,42.195941866271305,3.3045868756223284,7.23047705016004,4.068243126816639
 Lithuania ,2847315.8,19001.8,54011939365.0,55910707583.6,3.264247720118886,16.238334283329813,18.975055087859253,30.173018661900063,14.027945460129684,16.888069839004586,6.369801123827393
 Luxembourg ,618777.8,82524.0,51117916593.8,73207403414.6,0.2182027851682312,4.921306597361831,6.1031809800659245,60.33510256695032,9.660522911798239,9.553399730340937,5.110206026312784
 Madagascar ,27538009.4,484.4,13329928858.2,13709376996.4,24.097614895757218,9.622668565802925,14.003849088869163,28.133441815866643,8.138690908368725,13.42481291223732,6.947219504213065
 Malawi ,18876638.0,559.2,10583512989.6,10762865850.2,24.05476111691841,11.737550893812587,15.45884631804718,28.08616783552893,9.757468421670284,13.532811210992977,3.129550237716109
 Malaysia ,32790592.8,10397.6,341200000000.0,350600000000.0,8.230497471306332,22.120358938904737,33.08613804905875,24.130071164118654,9.298326595892755,19.636922343867656,4.3972011367370225
 Maldives ,500520.6,9034.6,4514712324.4,4963285402.2,5.539739445128941,2.124027954412442,3.982061360251309,33.24887784749442,8.582983179068734,27.69618802478463,7.286075139658629
 Mali ,20588420.0,808.8,16665188294.6,17267855997.4,36.3459890350313,15.690286635514838,16.591101603067386,19.941769630917037,4.994808780718723,10.49657916462189,4.316094565024277
 Malta ,503364.8,28100.0,14166122458.0,15481480932.4,0.6948816735927268,6.815690843837273,7.496849150723177,53.55507880417405,11.695594063037133,11.558761126365898,4.028069232672086
 Marshall Islands ,44673.4,6573.6,292622335.0,235187767.6,19.664216328910808,3.9077363987870943,7.657507609252039,45.829597814508105,9.690966767780145,13.568139247051555,5.020981286783557
 Mauritania ,4385630.8,1831.6,8058513002.6,8148308931.6,21.023984833913463,5.936197778709169,24.259518074161278,23.98688194577583,6.473283875559041,11.48080210326914,4.310324740363456
 Mauritius ,1296628.8,10317.4,13376398440.8,13161184594.0,2.908824626428608,11.22776903891817,13.233170023266677,42.220088227720815,9.381188790277065,15.529514502302256,4.214254984713574
 Mexico ,124928374.0,9419.2,1176000000000.0,1202000000000.0,3.568664776422629,17.537437603993343,26.838602329450918,28.302828618968384,7.521520206073211,20.86522462562396,7.09833691061564
 Micronesia (FS of) ,111595.0,3918.0,437305103.0,398554495.8,23.445564504908038,0.49912993604725503,3.0206544216330475,46.892667067989954,5.758807300349113,13.015782671294108,1.945922698584197
 Monaco ,36943.0,196827.8,7269071898.2,7269071898.2,,3.4716505151433394,3.4716505151433394,56.499326490593496,8.267666307562841,21.96751021537447,9.759549341858511
 Mongolia ,3226913.6,3684.2,11904867443.4,13455261097.2,12.105923620753565,7.291537535486123,34.27806366358647,23.777357438762493,5.946764132035382,10.58509019863154,3.2265982923983896
 Montenegro ,630239.2,8560.2,5394520004.6,5299125423.6,6.740216104516208,3.8790112588117527,10.048958441867516,32.15207733359376,7.871368904430096,19.140463135347783,5.759037761983649
 Montserrat ,4496.0,14933.8,67041142.4,65446123.0,0.8734518926354126,3.1834622197559357,7.986666528741511,59.27766385794923,7.450063619505773,8.563206104661083,4.977945905214278
 Morocco ,36305078.0,3470.2,126000000000.0,127800000000.0,11.226927632237873,14.961950348513303,20.023967656651017,33.782401828951485,5.807654699374022,13.254694910485131,5.590511347574335
 Mozambique ,30306845.0,474.6,14390561969.8,14677626935.8,25.483380963151138,8.284800096901506,21.928011084337975,20.545057974221088,8.778523508165264,11.364774626689895,1.3268519635485965
 Myanmar ,53043169.8,1328.2,70433434630.6,70600485541.6,22.556868724672356,24.67003727323839,30.78365261750785,6.8573148590420905,12.803980756582108,20.870586536289238,6.230196794904813
 Namibia ,2447221.4,4963.2,12125906059.0,12382276434.0,8.17409633515213,11.855989391166908,24.169324352850253,42.036922978939856,4.50606372078674,11.90454777566146,2.0379227014114
 Nauru ,12112.8,14313.0,173768188.6,138156368.6,2.386363823404664,19.271656652388298,33.03998379702635,18.996720068683103,19.217464289952392,22.196803745462663,3.000292525059898
 Nepal ,28981250.0,1144.2,33190933083.4,32901866138.8,22.16822891391783,4.773772105126209,6.782889138218938,29.900081685636575,7.280122579963064,15.234431085624777,5.761990191688087
 Netherlands ,17358551.0,51797.6,899400000000.0,915600000000.0,1.6528187330493664,10.91588923283093,13.368283093053734,46.85452162516383,8.764724793621669,14.242027086063782,4.449504982284841
 New Caledonia ,285761.2,33642.4,9614417092.8,9614417092.8,1.9722057132511843,9.478127663947774,11.370737429507747,51.0856331173542,7.2243659214676095,10.387116487258208,9.709748303920598
 New Zealand ,4946934.4,43017.8,213000000000.0,218800000000.0,5.732676409506398,9.97921543583181,13.674621644972579,47.719769493053015,6.6416566464350995,11.242626173765997,6.724930922212065
 Nicaragua ,6664624.8,1877.6,12507401472.8,13201544699.4,15.31993002373366,13.804817958029025,20.76733508560255,29.904859477386985,4.720412035027404,14.671027903939349,4.759545329786728
 Niger ,23468946.8,551.6,12970835912.8,13113881067.8,37.08122582520711,7.467229159218531,16.317721485627214,18.440709272085044,4.742543706051286,13.63957817637941,4.161715577397392
 Nigeria ,203383350.0,1932.8,393400000000.0,426800000000.0,22.340882144001874,11.510478998266166,20.77306918922212,20.742711787582007,12.196775519587629,16.411252192689783,6.375489704311153
 North Macedonia ,2110809.6,5676.0,11979712326.6,12518426330.4,8.158619991394442,13.101500318911045,17.778403448326134,31.853274978473966,7.265390757553297,16.377100134554144,5.507956279820743
 Norway ,5344170.2,80966.6,432600000000.0,416800000000.0,1.8139247645393475,6.084563554366603,24.911853532869483,40.355086372360844,7.687889373368523,8.335857471209213,5.824523717418426
 Oman ,4561929.8,17510.4,79897390678.6,84904962750.4,2.0725125260027397,8.63280053787606,41.51232039240716,34.03843505704129,6.546876166403845,10.409900846647933,9.157424554389044
 Pakistan ,223600654.4,1493.2,333600000000.0,317600000000.0,21.78297648847607,11.744200721221661,15.906154823929471,24.141583665869017,10.628897043828715,18.283267539168765,2.7911807533375317
 Palau ,17922.6,15724.6,281831194.8,263816487.4,3.5297481562935857,1.0455915121853752,4.5515564695521755,43.45148869569855,7.977341601129967,24.772227863420486,6.018176481869117
 Panama ,4227902.6,13810.0,58356840416.0,62339732868.4,2.424192610177265,5.767303597835062,10.800092772955768,32.40376621093863,12.009909175589573,21.46044416719261,17.359501105089915
 Papua New Guinea ,9537117.2,2497.0,23824839233.2,24430428388.6,17.965063221110018,1.7460611971874016,29.363527440834574,27.346447647710896,3.779463512112865,11.08419628885263,6.062469441964929
 Paraguay ,6530250.4,5726.6,37377965000.6,38607696166.2,10.181932109799117,19.257903351169585,27.643204591273708,28.741619336288366,6.7997664281722185,12.775952984519892,6.654112468511111
 Peru ,32730903.6,6397.0,209200000000.0,217400000000.0,7.026504554829807,12.876303296596136,24.839232904599815,30.58648749300828,8.205927250873966,14.263111349402024,6.900888694388224
 Philippines ,110351889.2,3552.2,392200000000.0,361600000000.0,9.772163546515486,18.443162555862834,22.51105965790929,34.126106194690266,6.5954970871128324,19.865881815597344,7.125181994800885
 Poland ,38456792.4,14887.0,572400000000.0,597600000000.0,2.4499883747322624,16.67309011161312,21.82061579651941,31.191432396251674,9.605922633266399,16.283562645749665,6.401175376974566
 Portugal ,10295116.6,22581.8,232400000000.0,237200000000.0,2.1181894598650928,12.194739284991568,15.422240282293423,41.93409908802698,7.190249441905565,16.136594196205735,3.8509816430016865
 Puerto Rico ,3301231.2,21303.4,70301040000.0,103800000000.0,0.7073764360308286,47.881707776685936,49.83332113506743,35.57017999171484,2.9330818462427746,10.084863887283237,0.9721153915221581
 Qatar ,2746868.4,60498.6,166200000000.0,168800000000.0,0.26420499703791467,8.286343319549763,44.49698860651659,32.36963744063981,5.605964721919431,8.659314787440758,13.113438859123223
 Republic of Korea ,51733439.4,32927.0,1704000000000.0,1688000000000.0,1.7673080973104265,25.841232227488153,27.93838862559242,39.70379146919431,7.476303317535544,9.253554502369669,5.404842129158768
 Republic of Moldova ,3115637.4,3930.2,12226909022.2,11727671813.2,10.155924159298335,10.578141821837862,14.053619547444379,28.14179272722556,9.663448374505371,16.533411743476563,8.0033663454289
 Romania ,19520089.0,12474.8,243600000000.0,247800000000.0,4.389878733171913,17.344283139709443,21.75834183115416,34.25124291065376,11.95823481920904,11.98417166117837,6.204524350040355
 Russian Federation ,145513439.8,10966.4,1596000000000.0,1638000000000.0,3.6515709570818076,13.418803418803419,24.945054945054945,32.75946275946276,6.715506715506716,15.042735042735043,6.752904321440781
 Rwanda ,12841085.0,759.8,9761571980.4,10101237410.0,24.996819893573814,8.35364001211016,11.840663337106932,30.176383184325132,7.4440450340826105,10.574567236114492,6.724796977125994
 Saint Kitts and Nevis ,47701.2,20226.0,964907153.0,997815555.2,1.0281719047708826,5.252139669189234,6.497601050827956,40.83676119063171,10.163089608246668,12.283053893205132,18.04089081011753
 Saint Lucia ,178504.4,10250.4,1829226774.4,1912473108.8,1.9266586615233456,3.434494095512482,6.5852986178207535,37.41075211504171,8.132711978240183,28.967539572235374,4.019929736331778
 Samoa ,212585.8,3991.8,848029571.6,874944611.8,9.413642633966788,4.749788002523248,6.905541446297985,34.12635665996338,8.061386657938844,27.08103269674882,4.831511621407988
 San Marino ,34028.4,43120.0,1467205986.4,1609303204.8,0.015930372799565808,31.37088401329206,31.37088401329206,37.49064989123546,6.537264953317143,13.798243384943515,3.945560103938967
 Sao Tome and Principe ,215145.4,2098.6,452713834.0,451130660.6,12.239486920832,6.247513960260408,8.610920558654664,30.54853416894981,11.079812738402909,30.167881389172862,5.436389219784278
 Saudi Arabia ,35397224.0,22041.4,780400000000.0,769400000000.0,2.3310606421367295,12.452322497166623,40.4211073563816,33.532622822978944,5.82503789963608,9.629062703457238,5.461532570964388
 Senegal ,16009264.6,1452.0,23291201780.2,23928179935.8,15.297157099373104,15.022693996971645,20.96937339347304,29.15229197087188,7.735366936248831,14.05729602846846,2.8179863140830066
 Serbia ,7390905.6,6797.4,50185336835.0,52547421975.8,6.256383178824729,13.891704730180276,20.22339007552846,29.678606422180376,8.829997362642947,12.818504633589974,5.210391029004077
 Seychelles ,104257.2,13201.0,1374292211.4,1446561474.0,2.759599250878432,6.275823712418322,9.104894452622482,41.58193625444223,8.837952696644264,16.3756487406632,4.014237448162538
 Sierra Leone ,8048057.0,495.4,3987942728.4,4042577027.8,58.82672282175877,1.954756855752595,4.6235194311614,21.168929866148186,3.1571725689407035,7.738244061863711,0.8180530036306363
 Singapore ,5859271.6,55473.4,325000000000.0,367400000000.0,0.032021318889493736,20.004372860696787,21.16582099618944,40.1741970604246,10.611772609471965,19.501324723026674,3.194556962166576
 Sint Maarten (Dutch part) ,42954.4,28120.0,1206315711.4,1248232252.6,,1.3388831737995104,3.9575764764211963,54.743687641195315,12.913263157898314,20.733135092522925,2.3824647647147335
 Slovakia ,5448877.8,19161.4,104185236473.0,106329993252.2,1.8659312176331297,18.887560297841432,22.42577426581999,37.19110671812424,10.172034549787028,11.295533006301115,6.348193648418519
 Slovenia ,2110853.6,25463.8,53762058637.8,54510791506.0,1.9702728497012993,20.400475822069055,23.516829938506746,35.47607188655743,9.031354615091432,12.412889012362307,5.135899772601625
 Solomon Islands ,675383.6,2325.2,1570616676.2,1574569747.6,33.52353104742199,10.122365925227307,12.634232488158851,25.50276033259665,6.337657861908233,16.938841522043223,5.016056412895355
 Somalia ,15971842.4,403.0,6456080032.6,6492367363.0,52.87241684693929,2.1796843876469967,2.7753342921855237,10.942051123732753,8.244157621922911,9.339088722173408,3.6848503700421302
 South Africa ,58052416.2,6494.6,377000000000.0,386200000000.0,2.336862204142931,12.172272966235111,20.96148448461937,44.536509580528225,7.1859474422061105,12.268831353702744,2.7748064877265666
 South Sudan ,10571144.0,369.4,3903589027.0,4038908173.8,3.904844121564069,2.13366454724126,43.23328105172382,27.924135619525188,9.403756680178674,8.548594182946067,5.626098757927647
 Spain ,47071665.4,29101.4,1368000000000.0,1366000000000.0,2.6961837363103953,11.185944363103953,14.699853587115665,43.879941434846266,7.342026204026355,16.705710102489018,5.3906468330014645
 Sri Lanka ,21645141.4,3826.2,82809406721.0,85114440957.0,8.202393223409677,16.218207468429274,19.603955047569073,33.523978456505766,11.831417431840396,12.329569485043924,7.2528357754458135
 St. Vincent and the Grenadines ,104943.6,8387.6,880180899.8,878958865.6,7.18924799249445,4.371133155790311,7.827592244949306,39.80868483090479,10.519864059495072,13.419673913805049,6.062483977976045
 State of Palestine ,4913812.4,3945.0,19388920000.0,16621320000.0,7.145708331227604,11.351556685028626,13.072388156897286,32.175895522136635,4.947150504292078,23.128127684203182,5.3797451935225356
 Sudan ,43201733.6,1249.4,52850963142.8,55127092781.0,20.926552110464357,8.362956418026386,17.096549523192603,31.681172087891095,8.60936130017685,18.47216015300141,3.2170083360739667
 Suriname ,600325.0,5714.2,3428183526.2,3760430317.0,9.53829447067507,21.974231333695528,30.21882201254469,23.344452501391746,6.518984141037601,23.026055711910693,6.960153214826876
 Sweden ,10264895.2,56208.6,577200000000.0,562600000000.0,1.3668969196942766,12.781061065090649,16.12157367539993,43.014575186633486,11.48990259996445,10.758327233380733,5.950393985282616
 Switzerland ,8574345.6,83638.2,717400000000.0,747400000000.0,0.6403166278565695,18.196414236018196,20.176612255820174,47.06984211934707,7.994821469173133,16.483810543216485,4.84220105897779
 Syrian Arab Republic ,20102409.8,1197.0,24033089529.6,21700029369.6,20.596053065537323,4.6788482379769025,26.746913771144765,17.311433735028377,9.475209562990102,22.481733506012887,3.388643107691585
 Tajikistan ,9336786.2,1005.4,9394082349.4,8096498087.6,21.623209343818385,12.806533750536053,20.734203375790837,16.354194266134886,8.009342977467734,13.208693754129062,11.036064477906466
 Thailand ,71282106.8,6784.4,483600000000.0,502600000000.0,8.390319729128532,26.303223239156388,31.63549542379626,28.33267011539992,7.958064154397134,21.058326751173894,2.5881812269797053
 Timor-Leste ,1281291.0,1888.6,2419727173.4,1830747843.2,15.768041375672068,1.7094515618981996,10.929843677993635,42.448717778721566,2.7733841112302886,15.15301252602344,11.915025119937827
 Togo ,8245995.4,873.0,7208566029.8,7181041845.0,19.372276720105923,12.907811944382285,17.688705043327875,30.091846649028962,12.36474062351046,8.357149446467261,2.6575143456777894
 Tonga ,105357.4,4868.2,512832004.6,481509486.6,17.567562084248248,5.538872097478629,8.57563494575602,32.443929008147606,5.447834763386777,12.313300578697257,6.882845950557851
 Trinidad and Tobago ,1509416.2,15277.4,23052185303.0,23497940513.4,1.027891168003692,17.297541394668734,32.96391503069316,27.618142624453274,5.747542773928759,25.61791777354785,5.306305921954968
 Tunisia ,12043693.4,3482.2,41943551528.4,43196287894.6,9.839529332638175,14.233197532162464,18.626838058475503,37.242924346772675,7.790106654559699,14.967287467792422,4.4135926338205875
 Turkmenistan ,6156832.4,6935.2,42782547785.0,45695319708.0,10.59913616744445,33.649304841843694,35.7026939105621,29.169564015691602,7.453755318411089,4.878469757614416,7.181789415569964
 Turks and Caicos Islands ,42760.2,26715.2,1138145421.2,1040162153.6,0.41304992544962366,0.6018213197177413,4.997262746014988,31.61248707828394,10.058411223470994,33.67064661868889,7.9856120425568236
 Tuvalu ,10984.4,7986.8,87689711.6,51882655.6,9.199837488657769,0.9742654730264039,2.202746152415529,51.24861341908644,4.299890154427639,14.414815343415075,13.389491188650721
 Türkiye ,83458329.2,9281.4,774400000000.0,787200000000.0,6.07133082195122,19.258130081300813,22.6880081300813,28.125,10.97226365444614,15.142276422764228,6.320718724466463
 U.R. of Tanzania: Mainland ,58278794.2,1035.6,60483027212.6,61499107294.6,27.078357343021516,8.075091254919817,14.603824281834099,18.521606805177424,8.42540858906902,10.021089669607512,13.562052156051948
 Uganda ,42969989.8,836.4,36026025461.2,36833119491.6,23.561764141044822,15.952187252942243,21.15475887883186,26.350498008221763,5.13355864368539,11.187482186350653,5.501635986227389
 Ukraine ,44151278.6,3477.2,153200000000.0,150800000000.0,9.858403822413793,10.817232173342175,20.066233794164457,28.038654939257295,10.574500108222813,14.338128850265253,2.594358449734748
 United Arab Emirates ,9214511.2,43234.4,398200000000.0,397400000000.0,0.8040653724710618,9.41390540770005,35.68193256165073,31.202818319073984,8.348353550830398,15.11884870860594,8.888248850327125
 United Kingdom ,66723393.8,42288.6,2822000000000.0,2850000000000.0,0.6177426416842104,8.807017543859649,12.112280701754386,50.73684210526316,8.996491228070175,11.67719298245614,5.417543859649123
 United States ,333838113.2,64486.8,21540000000000.0,21160000000000.0,0.8298676748582231,11.011342155009451,14.215500945179585,55.765595463138,10.482041587901701,14.621928166351609,4.150283553875236
 Uruguay ,3426599.4,16846.0,57722681489.6,60571732721.8,6.3525806868905,10.423606228995416,13.323048273135457,42.97034848407509,8.727218757764653,12.468661359066308,4.578635120341964
 Uzbekistan ,32996062.2,1858.8,61366269042.6,60751069730.6,25.996740531212403,17.59246441814786,23.713303829024973,24.595941051674426,7.039740834466063,6.387793173698364,5.672547991141299
 Vanuatu ,304552.6,3187.0,971066362.6,925038923.6,21.661992926759044,2.79100938796431,4.6630875630755995,30.933072165915938,8.51303554811842,21.389130441126877,5.332748075942693
 Venezuela (Bolivarian Republic of) ,29210217.8,4875.4,143744197415.0,164000000000.0,4.993559178902439,14.797692549024392,44.77026565256097,13.773467806707318,6.71251511097561,22.780650078292684,1.954767031097561
 Viet Nam ,95768161.6,3245.0,311000000000.0,327600000000.0,12.441983117948718,23.736167563675213,30.7991993013431,21.69343173876679,8.485859315995116,11.850544898229549,5.8378141603174605
 Yemen ,31527456.0,495.4,15449083715.2,15481367703.6,19.08677372550796,10.490198936508387,15.545678103365217,23.767855663969257,15.250662562914103,20.104287929781847,4.7849869519457275
 Zambia ,18383052.8,1227.0,22418531025.8,22982902761.2,3.267348558197493,7.623403354244183,26.31902301049535,22.344856403734187,9.844403840143416,20.35344583756033,11.701341914651966
 Zanzibar ,1625787.0,1064.0,1735362167.0,1764447447.4,22.886551367401182,6.779693516872494,9.531052423681269,22.675079158041914,4.590054609976705,22.47762113767787,9.220251169266987
 Zimbabwe ,15364216.6,1449.0,22255640390.6,22812667470.2,8.400420625528888,13.97552910708363,28.861218682999883,23.944582581302626,8.408692165902082,22.326381956223496,2.4178328532623996
